path,label,split,batch,phash,added_at
data/bunnies_batch_260714/back01.png,back,val,bunnies_batch_260714,0f0783c130b01f7f,2026-07-15
data/bunnies_batch_260714/back02.png,back,test,bunnies_batch_260714,3f38b4e0e191b2f8,2026-07-15
data/bunnies_batch_260714/back03.png,back,train,bunnies_batch_260714,03071f87cfe7f300,2026-07-15
data/bunnies_batch_260714/back04.png,back,test,bunnies_batch_260714,001e1f1f0e020000,2026-07-15
data/bunnies_batch_260714/back05.png,back,train,bunnies_batch_260714,0000183e3e3c3c00,2026-07-15
data/bunnies_batch_260714/back06.png,back,train,bunnies_batch_260714,0000183e3e3e1e08,2026-07-15
data/bunnies_batch_260714/back07.png,back,test,bunnies_batch_260714,cdc4d2dbc3c3817b,2026-07-15
data/bunnies_batch_260714/back08.png,back,train,bunnies_batch_260714,033f878f8bcfcfcf,2026-07-15
data/bunnies_batch_260714/back09.png,back,train,bunnies_batch_260714,c0febe34bcf15302,2026-07-15
data/bunnies_batch_260714/back10.png,back,train,bunnies_batch_260714,f0808163c3cfbf7f,2026-07-15
data/bunnies_batch_260714/back11.png,back,train,bunnies_batch_260714,ffff9d7f79200000,2026-07-15
data/bunnies_batch_260714/back12.png,back,train,bunnies_batch_260714,071f1f073c3d1811,2026-07-15
data/bunnies_batch_260714/back13.png,back,train,bunnies_batch_260714,ffff000000021f1f,2026-07-15
data/bunnies_batch_260714/back14.png,back,train,bunnies_batch_260714,1800e67f3e6c791e,2026-07-15
data/bunnies_batch_260714/back15.png,back,val,bunnies_batch_260714,3e00187efb1f1f0f,2026-07-15
data/bunnies_batch_260714/back16.png,back,train,bunnies_batch_260714,00f87c7e1f0f0500,2026-07-15
data/bunnies_batch_260714/back17.png,back,train,bunnies_batch_260714,fffff7e1e5fcc607,2026-07-15
data/bunnies_batch_260714/back18.png,back,train,bunnies_batch_260714,0000030e3cffffff,2026-07-15
data/bunnies_batch_260714/back19.png,back,train,bunnies_batch_260714,303c3c7cf8f8f8f8,2026-07-15
data/bunnies_batch_260714/back20.png,back,val,bunnies_batch_260714,1019fcf2b0ffe070,2026-07-15
data/bunnies_batch_260714/back21.png,back,train,bunnies_batch_260714,10387e7e7f000000,2026-07-15
data/bunnies_batch_260714/cleaning01.png,cleaning,train,bunnies_batch_260714,ff0f0f0707079fff,2026-07-15
data/bunnies_batch_260714/cleaning02.png,cleaning,train,bunnies_batch_260714,600002cede9ea1b7,2026-07-15
data/bunnies_batch_260714/cleaning03.png,cleaning,train,bunnies_batch_260714,fc8081a9a5c1ffff,2026-07-15
data/bunnies_batch_260714/cleaning04.png,cleaning,val,bunnies_batch_260714,b083efdcde5c3830,2026-07-15
data/bunnies_batch_260714/cleaning05.png,cleaning,train,bunnies_batch_260714,b703018181c7f1fb,2026-07-15
data/bunnies_batch_260714/cleaning06.png,cleaning,train,bunnies_batch_260714,0000383bc393f3ff,2026-07-15
data/bunnies_batch_260714/cleaning07.png,cleaning,train,bunnies_batch_260714,c3e1e3e6c7cee781,2026-07-15
data/bunnies_batch_260714/cleaning08.png,cleaning,train,bunnies_batch_260714,001c7f7acece64a8,2026-07-15
data/bunnies_batch_260714/cleaning09.png,cleaning,train,bunnies_batch_260714,c7c7c7c3e3e7c7ef,2026-07-15
data/bunnies_batch_260714/cleaning10.png,cleaning,test,bunnies_batch_260714,c1ff424afab09c91,2026-07-15
data/bunnies_batch_260714/cleaning11.png,cleaning,train,bunnies_batch_260714,1c1c1c1c18181c10,2026-07-15
data/bunnies_batch_260714/cleaning12.png,cleaning,test,bunnies_batch_260714,c3c3e3c3c7e7e7ff,2026-07-15
data/bunnies_batch_260714/cleaning13.png,cleaning,train,bunnies_batch_260714,1efe6333167e3800,2026-07-15
data/bunnies_batch_260714/cleaning14.png,cleaning,val,bunnies_batch_260714,c7e3c3c3e7e7c3db,2026-07-15
data/bunnies_batch_260714/cleaning15.png,cleaning,train,bunnies_batch_260714,7e7e3c3c3c1c0800,2026-07-15
data/bunnies_batch_260714/lying01.png,lying,train,bunnies_batch_260714,937a7e276e7e3e1c,2026-07-15
data/bunnies_batch_260714/lying02.png,lying,train,bunnies_batch_260714,ffff1d5f3e1c0000,2026-07-15
data/bunnies_batch_260714/lying03.png,lying,test,bunnies_batch_260714,006c3e3c07270301,2026-07-15
data/bunnies_batch_260714/lying04.png,lying,test,bunnies_batch_260714,134460063eb881c0,2026-07-15
data/bunnies_batch_260714/lying05.png,lying,train,bunnies_batch_260714,00210b0f2f3f0f0f,2026-07-15
data/bunnies_batch_260714/lying06.png,lying,train,bunnies_batch_260714,c0c0e0e0f0f9ffff,2026-07-15
data/bunnies_batch_260714/lying07.png,lying,train,bunnies_batch_260714,fbff8181d9fbffff,2026-07-15
data/bunnies_batch_260714/lying08.png,lying,train,bunnies_batch_260714,ffff3f0f07020000,2026-07-15
data/bunnies_batch_260714/lying09.png,lying,train,bunnies_batch_260714,7f7fef8600831b61,2026-07-15
data/bunnies_batch_260714/lying10.png,lying,train,bunnies_batch_260714,0723fbe1e1e9f8f8,2026-07-15
data/bunnies_batch_260714/lying100.png,lying,train,bunnies_batch_260714,0000004e7efbffff,2026-07-15
data/bunnies_batch_260714/lying101.png,lying,test,bunnies_batch_260714,34ff8f1f1f0fc000,2026-07-15
data/bunnies_batch_260714/lying102.png,lying,train,bunnies_batch_260714,00000038ffffffff,2026-07-15
data/bunnies_batch_260714/lying103.png,lying,train,bunnies_batch_260714,c07c0ef37f7c3838,2026-07-15
data/bunnies_batch_260714/lying104.png,lying,train,bunnies_batch_260714,01010101c9fbfbff,2026-07-15
data/bunnies_batch_260714/lying105.png,lying,val,bunnies_batch_260714,ffe1e1e013df7e00,2026-07-15
data/bunnies_batch_260714/lying106.png,lying,train,bunnies_batch_260714,3818181c1f7de90f,2026-07-15
data/bunnies_batch_260714/lying107.png,lying,train,bunnies_batch_260714,c383838383d7ffff,2026-07-15
data/bunnies_batch_260714/lying108.png,lying,train,bunnies_batch_260714,070f1f1c1b4b7c7c,2026-07-15
data/bunnies_batch_260714/lying109.png,lying,train,bunnies_batch_260714,fe7f3f3f0f070f0f,2026-07-15
data/bunnies_batch_260714/lying11.png,lying,train,bunnies_batch_260714,ff070f0101e7ffff,2026-07-15
data/bunnies_batch_260714/lying110.png,lying,train,bunnies_batch_260714,e78309181818c3df,2026-07-15
data/bunnies_batch_260714/lying111.png,lying,val,bunnies_batch_260714,ff0f0f09df3f1f07,2026-07-15
data/bunnies_batch_260714/lying112.png,lying,train,bunnies_batch_260714,e101010084ecffff,2026-07-15
data/bunnies_batch_260714/lying113.png,lying,train,bunnies_batch_260714,fffffd3908000000,2026-07-15
data/bunnies_batch_260714/lying114.png,lying,train,bunnies_batch_260714,df858f0707070c1f,2026-07-15
data/bunnies_batch_260714/lying115.png,lying,train,bunnies_batch_260714,feccc481f5f07c01,2026-07-15
data/bunnies_batch_260714/lying116.png,lying,train,bunnies_batch_260714,fcf8dc8f8dcd20e0,2026-07-15
data/bunnies_batch_260714/lying117.png,lying,train,bunnies_batch_260714,c0c04010b191c3ef,2026-07-15
data/bunnies_batch_260714/lying12.png,lying,train,bunnies_batch_260714,f18181c1f1f3fdff,2026-07-15
data/bunnies_batch_260714/lying13.png,lying,train,bunnies_batch_260714,00003e7f3e020000,2026-07-15
data/bunnies_batch_260714/lying14.png,lying,val,bunnies_batch_260714,f8f8f872707ce5c3,2026-07-15
data/bunnies_batch_260714/lying15.png,lying,train,bunnies_batch_260714,3f1f00011130ffff,2026-07-15
data/bunnies_batch_260714/lying16.png,lying,train,bunnies_batch_260714,008485c5e3f38f87,2026-07-15
data/bunnies_batch_260714/lying17.png,lying,val,bunnies_batch_260714,00000e1f3b7f3f0f,2026-07-15
data/bunnies_batch_260714/lying18.png,lying,train,bunnies_batch_260714,ef8787c7c3c3c7ef,2026-07-15
data/bunnies_batch_260714/lying19.png,lying,train,bunnies_batch_260714,ff0180c1ffffff7f,2026-07-15
data/bunnies_batch_260714/lying20.png,lying,train,bunnies_batch_260714,98f87e7c78586000,2026-07-15
data/bunnies_batch_260714/lying21.png,lying,train,bunnies_batch_260714,f10181c1f3f3e7ff,2026-07-15
data/bunnies_batch_260714/lying22.png,lying,train,bunnies_batch_260714,70787e3e3c200000,2026-07-15
data/bunnies_batch_260714/lying23.png,lying,val,bunnies_batch_260714,0c3c8f9fff7c7000,2026-07-15
data/bunnies_batch_260714/lying24.png,lying,train,bunnies_batch_260714,ffc09980c0e0e0e0,2026-07-15
data/bunnies_batch_260714/lying25.png,lying,train,bunnies_batch_260714,ff0747470c6c6676,2026-07-15
data/bunnies_batch_260714/lying26.png,lying,train,bunnies_batch_260714,ff01c1c1e3f7ffff,2026-07-15
data/bunnies_batch_260714/lying27.png,lying,train,bunnies_batch_260714,c7030002039fffff,2026-07-15
data/bunnies_batch_260714/lying28.png,lying,val,bunnies_batch_260714,ff99dfd7cf040000,2026-07-15
data/bunnies_batch_260714/lying29.png,lying,train,bunnies_batch_260714,ffffe0e8e1f70303,2026-07-15
data/bunnies_batch_260714/lying30.png,lying,train,bunnies_batch_260714,ffc0c1dfffff0300,2026-07-15
data/bunnies_batch_260714/lying31.png,lying,train,bunnies_batch_260714,ffdfcfcfc7ffe401,2026-07-15
data/bunnies_batch_260714/lying32.png,lying,test,bunnies_batch_260714,00fe7f7eff700000,2026-07-15
data/bunnies_batch_260714/lying33.png,lying,train,bunnies_batch_260714,7effff7810180000,2026-07-15
data/bunnies_batch_260714/lying34.png,lying,train,bunnies_batch_260714,f1a121c1f0f2f7f7,2026-07-15
data/bunnies_batch_260714/lying35.png,lying,val,bunnies_batch_260714,00000e1f3f3f3f1f,2026-07-15
data/bunnies_batch_260714/lying36.png,lying,train,bunnies_batch_260714,0010c7c33fbfffff,2026-07-15
data/bunnies_batch_260714/lying37.png,lying,val,bunnies_batch_260714,70f060e0f8befce0,2026-07-15
data/bunnies_batch_260714/lying38.png,lying,train,bunnies_batch_260714,3c387f3fff6f0000,2026-07-15
data/bunnies_batch_260714/lying39.png,lying,train,bunnies_batch_260714,fff181c1c1f3f3ff,2026-07-15
data/bunnies_batch_260714/lying40.png,lying,train,bunnies_batch_260714,00041812d1feffff,2026-07-15
data/bunnies_batch_260714/lying41.png,lying,val,bunnies_batch_260714,98dedefee4c0e0f0,2026-07-15
data/bunnies_batch_260714/lying42.png,lying,train,bunnies_batch_260714,ff8781810101cfff,2026-07-15
data/bunnies_batch_260714/lying43.png,lying,test,bunnies_batch_260714,ffc03f3f3f38e880,2026-07-15
data/bunnies_batch_260714/lying44.png,lying,val,bunnies_batch_260714,0010787c7e7c3c38,2026-07-15
data/bunnies_batch_260714/lying45.png,lying,test,bunnies_batch_260714,081c1e1e1e1c1800,2026-07-15
data/bunnies_batch_260714/lying46.png,lying,test,bunnies_batch_260714,1e1e7f7e3e0f0c00,2026-07-15
data/bunnies_batch_260714/lying47.png,lying,train,bunnies_batch_260714,ff87838181c0e3ff,2026-07-15
data/bunnies_batch_260714/lying48.png,lying,test,bunnies_batch_260714,ffdf1604048ecece,2026-07-15
data/bunnies_batch_260714/lying49.png,lying,train,bunnies_batch_260714,f7c0a080d0fcfcfc,2026-07-15
data/bunnies_batch_260714/lying50.png,lying,train,bunnies_batch_260714,808080c1c1e7ffff,2026-07-15
data/bunnies_batch_260714/lying51.png,lying,train,bunnies_batch_260714,ffc0c1c1cfffffff,2026-07-15
data/bunnies_batch_260714/lying52.png,lying,test,bunnies_batch_260714,60003cffffc44040,2026-07-15
data/bunnies_batch_260714/lying53.png,lying,train,bunnies_batch_260714,ffc1818181cbdfff,2026-07-15
data/bunnies_batch_260714/lying54.png,lying,train,bunnies_batch_260714,e3c1c1c1c383b3ff,2026-07-15
data/bunnies_batch_260714/lying55.png,lying,train,bunnies_batch_260714,1418000161f3ffbf,2026-07-15
data/bunnies_batch_260714/lying56.png,lying,train,bunnies_batch_260714,b3381e9f9fdf8800,2026-07-15
data/bunnies_batch_260714/lying57.png,lying,val,bunnies_batch_260714,01111d3d2d1e1d3d,2026-07-15
data/bunnies_batch_260714/lying58.png,lying,train,bunnies_batch_260714,002bf2f8349c444e,2026-07-15
data/bunnies_batch_260714/lying59.png,lying,train,bunnies_batch_260714,00067e7c0cdeffff,2026-07-15
data/bunnies_batch_260714/lying60.png,lying,train,bunnies_batch_260714,ffe3838381c3ffff,2026-07-15
data/bunnies_batch_260714/lying61.png,lying,test,bunnies_batch_260714,0c101898d8fbff7f,2026-07-15
data/bunnies_batch_260714/lying62.png,lying,train,bunnies_batch_260714,00103e3e3e101000,2026-07-15
data/bunnies_batch_260714/lying63.png,lying,val,bunnies_batch_260714,ffffef2319230000,2026-07-15
data/bunnies_batch_260714/lying64.png,lying,train,bunnies_batch_260714,000c1c7c7e6c180f,2026-07-15
data/bunnies_batch_260714/lying65.png,lying,val,bunnies_batch_260714,0301f83c1f070380,2026-07-15
data/bunnies_batch_260714/lying66.png,lying,val,bunnies_batch_260714,fffefb00000087ff,2026-07-15
data/bunnies_batch_260714/lying67.png,lying,val,bunnies_batch_260714,f8ff0340063c7d3f,2026-07-15
data/bunnies_batch_260714/lying68.png,lying,train,bunnies_batch_260714,80000a7cf8f00fb1,2026-07-15
data/bunnies_batch_260714/lying69.png,lying,val,bunnies_batch_260714,ff004e7efe80f8f0,2026-07-15
data/bunnies_batch_260714/lying70.png,lying,train,bunnies_batch_260714,000019fffcfeff80,2026-07-15
data/bunnies_batch_260714/lying71.png,lying,test,bunnies_batch_260714,1efffe78040c0000,2026-07-15
data/bunnies_batch_260714/lying72.png,lying,test,bunnies_batch_260714,30322246eaf3f3fb,2026-07-15
data/bunnies_batch_260714/lying73.png,lying,train,bunnies_batch_260714,0f030383e1e3e3ff,2026-07-15
data/bunnies_batch_260714/lying74.png,lying,train,bunnies_batch_260714,efe3f87c3e0e0600,2026-07-15
data/bunnies_batch_260714/lying75.png,lying,test,bunnies_batch_260714,ffffe3e1de1c0000,2026-07-15
data/bunnies_batch_260714/lying76.png,lying,train,bunnies_batch_260714,fffffee180c0f0c0,2026-07-15
data/bunnies_batch_260714/lying77.png,lying,test,bunnies_batch_260714,000083c7eeeeea81,2026-07-15
data/bunnies_batch_260714/lying78.png,lying,train,bunnies_batch_260714,7fffff7f00000000,2026-07-15
data/bunnies_batch_260714/lying79.png,lying,train,bunnies_batch_260714,ffc787c7c3c3c7ff,2026-07-15
data/bunnies_batch_260714/lying80.png,lying,train,bunnies_batch_260714,3fe0ff7f0c000000,2026-07-15
data/bunnies_batch_260714/lying81.png,lying,train,bunnies_batch_260714,1311001c9eeeeecc,2026-07-15
data/bunnies_batch_260714/lying82.png,lying,test,bunnies_batch_260714,0c189bdbfffd89c1,2026-07-15
data/bunnies_batch_260714/lying83.png,lying,train,bunnies_batch_260714,78feff9f1f8ed000,2026-07-15
data/bunnies_batch_260714/lying84.png,lying,train,bunnies_batch_260714,00383e38307f0f33,2026-07-15
data/bunnies_batch_260714/lying85.png,lying,train,bunnies_batch_260714,9fdf7f0f0f070707,2026-07-15
data/bunnies_batch_260714/lying86.png,lying,train,bunnies_batch_260714,ffffe1c033030507,2026-07-15
data/bunnies_batch_260714/lying87.png,lying,train,bunnies_batch_260714,e3e0e0e3ffffffff,2026-07-15
data/bunnies_batch_260714/lying88.png,lying,train,bunnies_batch_260714,ffffe081031f9f80,2026-07-15
data/bunnies_batch_260714/lying89.png,lying,train,bunnies_batch_260714,ff8181c1c3c39bff,2026-07-15
data/bunnies_batch_260714/lying90.png,lying,test,bunnies_batch_260714,fe1c000c7c7173fb,2026-07-15
data/bunnies_batch_260714/lying91.png,lying,train,bunnies_batch_260714,0100e0dbcf8fdf1f,2026-07-15
data/bunnies_batch_260714/lying92.png,lying,train,bunnies_batch_260714,0000000183ffffff,2026-07-15
data/bunnies_batch_260714/lying93.png,lying,train,bunnies_batch_260714,076f4f8f2c407870,2026-07-15
data/bunnies_batch_260714/lying94.png,lying,test,bunnies_batch_260714,80800081fcf4fef7,2026-07-15
data/bunnies_batch_260714/lying95.png,lying,train,bunnies_batch_260714,fffc010000ffffff,2026-07-15
data/bunnies_batch_260714/lying96.png,lying,train,bunnies_batch_260714,ffff0180c1dbffff,2026-07-15
data/bunnies_batch_260714/lying97.png,lying,excluded,bunnies_batch_260714,00fe7f7eff700000,2026-07-15
data/bunnies_batch_260714/lying98.png,lying,val,bunnies_batch_260714,1d9c1613033fbfbf,2026-07-15
data/bunnies_batch_260714/lying99.png,lying,train,bunnies_batch_260714,ff03030310f8f8f0,2026-07-15
data/bunnies_batch_260714/moving01.png,moving,train,bunnies_batch_260714,163c3cbe97c7765f,2026-07-15
data/bunnies_batch_260714/moving02.png,moving,train,bunnies_batch_260714,ff8b8383c1f1f3ff,2026-07-15
data/bunnies_batch_260714/moving03.png,moving,val,bunnies_batch_260714,0c1fcfc741d9fb43,2026-07-15
data/bunnies_batch_260714/moving04.png,moving,test,bunnies_batch_260714,07010331f787f7f7,2026-07-15
data/bunnies_batch_260714/moving05.png,moving,train,bunnies_batch_260714,7b67474723331307,2026-07-15
data/bunnies_batch_260714/moving06.png,moving,test,bunnies_batch_260714,ffcbc1e3f3ffffff,2026-07-15
data/bunnies_batch_260714/moving07.png,moving,train,bunnies_batch_260714,ff7f018dfd710200,2026-07-15
data/bunnies_batch_260714/moving08.png,moving,val,bunnies_batch_260714,02e3f7e7ef1bff00,2026-07-15
data/bunnies_batch_260714/side01.png,side,train,bunnies_batch_260714,000000713bbfffff,2026-07-15
data/bunnies_batch_260714/side02.png,side,val,bunnies_batch_260714,0701001f3f1f1f03,2026-07-15
data/bunnies_batch_260714/side03.png,side,val,bunnies_batch_260714,e9c3c38743c3c7fe,2026-07-15
data/bunnies_batch_260714/side04.png,side,train,bunnies_batch_260714,001c8d3d3b3f067e,2026-07-15
data/bunnies_batch_260714/side05.png,side,train,bunnies_batch_260714,e7cd91191f190181,2026-07-15
data/bunnies_batch_260714/side06.png,side,train,bunnies_batch_260714,3f10f8f97f0f0707,2026-07-15
data/bunnies_batch_260714/side07.png,side,train,bunnies_batch_260714,00010f5f7f0323ff,2026-07-15
data/bunnies_batch_260714/side08.png,side,test,bunnies_batch_260714,e0e0e0f8f8b0f0f0,2026-07-15
data/bunnies_batch_260714/side09.png,side,test,bunnies_batch_260714,20301c7c7c7c3820,2026-07-15
data/bunnies_batch_260714/side10.png,side,test,bunnies_batch_260714,5ffffdf8391c0000,2026-07-15
data/bunnies_batch_260714/side11.png,side,train,bunnies_batch_260714,01003e78787c9c01,2026-07-15
data/bunnies_batch_260714/side12.png,side,train,bunnies_batch_260714,fefce8fc3e3e0000,2026-07-15
data/bunnies_batch_260714/side13.png,side,train,bunnies_batch_260714,083e7c7c78782818,2026-07-15
data/bunnies_batch_260714/side14.png,side,train,bunnies_batch_260714,cf8b1b1f1b010001,2026-07-15
data/bunnies_batch_260714/side15.png,side,excluded,bunnies_batch_260714,0701001f3f3d1f03,2026-07-15
data/bunnies_batch_260714/side16.png,side,excluded,bunnies_batch_260714,000000713bbfffff,2026-07-15
data/bunnies_batch_260714/side17.png,side,val,bunnies_batch_260714,f0f0e0bc78000000,2026-07-15
data/bunnies_batch_260714/side18.png,side,train,bunnies_batch_260714,ff3f0f0000ffffff,2026-07-15
data/bunnies_batch_260714/side19.png,side,train,bunnies_batch_260714,00001f1f1f3f7a20,2026-07-15
data/bunnies_batch_260714/side20.png,side,train,bunnies_batch_260714,0098f7207cfcefff,2026-07-15
data/bunnies_batch_260714/side21.png,side,train,bunnies_batch_260714,7838787f3f1e0c00,2026-07-15
data/bunnies_batch_260714/side22.png,side,val,bunnies_batch_260714,c0f1f9f9f103c3c3,2026-07-15
data/bunnies_batch_260714/side23.png,side,train,bunnies_batch_260714,1e1e0f0f6b1b0f00,2026-07-15
data/bunnies_batch_260714/side24.png,side,train,bunnies_batch_260714,ffffec0c18008618,2026-07-15
data/bunnies_batch_260714/side25.png,side,excluded,bunnies_batch_260714,20301c7c7c7c3800,2026-07-15
data/bunnies_batch_260714/side26.png,side,train,bunnies_batch_260714,01003e78f87c1800,2026-07-15
data/bunnies_batch_260714/side27.png,side,test,bunnies_batch_260714,00fc8480033fffff,2026-07-15
data/bunnies_batch_260714/side28.png,side,test,bunnies_batch_260714,000c7c7f7fffffff,2026-07-15
data/bunnies_batch_260714/side29.png,side,train,bunnies_batch_260714,fff1fdfce0000000,2026-07-15
data/bunnies_batch_260714/side30.png,side,val,bunnies_batch_260714,c0e0fcfcfcf8c0c0,2026-07-15
data/bunnies_batch_260714/side31.png,side,train,bunnies_batch_260714,000000fafefcf8e0,2026-07-15
data/bunnies_batch_260714/side32.png,side,test,bunnies_batch_260714,0f539135bcfc6040,2026-07-15
data/bunnies_batch_260714/side33.png,side,train,bunnies_batch_260714,ff0700bf7f9c0000,2026-07-15
data/bunnies_batch_260714/side34.png,side,train,bunnies_batch_260714,fff9c0203183cfff,2026-07-15
data/bunnies_batch_260714/side35.png,side,train,bunnies_batch_260714,00007cfcfc7e3e00,2026-07-15
data/bunnies_batch_260714/side36.png,side,train,bunnies_batch_260714,00206013b0f87880,2026-07-15
data/bunnies_batch_260714/side37.png,side,train,bunnies_batch_260714,0000000e1fffffff,2026-07-15
data/bunnies_batch_260714/side38.png,side,train,bunnies_batch_260714,fffde060101300cb,2026-07-15
data/bunnies_batch_260714/side39.png,side,train,bunnies_batch_260714,ffff7d7a3c000000,2026-07-15
data/bunnies_batch_260714/side40.png,side,train,bunnies_batch_260714,fffec4000381cbff,2026-07-15
data/bunnies_batch_260714/side41.png,side,train,bunnies_batch_260714,34381e0f070f1f1f,2026-07-15
data/bunnies_batch_260714/side42.png,side,test,bunnies_batch_260714,3e0707070f1f3f3f,2026-07-15
data/bunnies_batch_260714/side43.png,side,train,bunnies_batch_260714,3b03013f0f0bc3ff,2026-07-15
data/bunnies_batch_260714/side44.png,side,train,bunnies_batch_260714,ffcfc383c3c7c3e3,2026-07-15
data/bunnies_batch_260714/side45.png,side,train,bunnies_batch_260714,fcfcfa3f1f080000,2026-07-15
data/bunnies_batch_260714/side46.png,side,train,bunnies_batch_260714,ff5f3f3f3f00001f,2026-07-15
data/bunnies_batch_260714/side47.png,side,train,bunnies_batch_260714,2c0c7c7d7f3f0400,2026-07-15
data/bunnies_batch_260714/side48.png,side,train,bunnies_batch_260714,c187878fc3c7c3f7,2026-07-15
data/bunnies_batch_260714/side49.png,side,val,bunnies_batch_260714,fefefcfe2f1f0400,2026-07-15
data/bunnies_batch_260714/side50.png,side,train,bunnies_batch_260714,0000c0e87cfe7eff,2026-07-15
data/bunnies_batch_260714/side51.png,side,train,bunnies_batch_260714,ffdf1f1f03010180,2026-07-15
data/bunnies_batch_260714/side52.png,side,test,bunnies_batch_260714,cf9e80878fbbc3cf,2026-07-15
data/bunnies_batch_260714/side53.png,side,train,bunnies_batch_260714,ff0300033bff9fff,2026-07-15
data/bunnies_batch_260714/side54.png,side,train,bunnies_batch_260714,070703010c6e6f7f,2026-07-15
data/bunnies_batch_260714/side55.png,side,train,bunnies_batch_260714,fff88c9c00060400,2026-07-15
data/bunnies_batch_260714/side56.png,side,train,bunnies_batch_260714,e1c1c3c6c6c4ecfe,2026-07-15
data/bunnies_batch_260714/side57.png,side,train,bunnies_batch_260714,ffdf3f1f0e000000,2026-07-15
data/bunnies_batch_260714/side58.png,side,train,bunnies_batch_260714,1a1f0f0f3f3e1c00,2026-07-15
data/bunnies_batch_260714/side59.png,side,train,bunnies_batch_260714,8783c1d1f0f8d0c0,2026-07-15
data/bunnies_batch_260714/side60.png,side,test,bunnies_batch_260714,043e7e1f1f1f0e0c,2026-07-15
data/bunnies_batch_260714/side61.png,side,val,bunnies_batch_260714,ffcf83838fcfffff,2026-07-15
data/bunnies_batch_260714/side62.png,side,test,bunnies_batch_260714,0000003cfcf9fcf8,2026-07-15
data/bunnies_batch_260714/side63.png,side,train,bunnies_batch_260714,f24078383cc0c1e0,2026-07-15
data/bunnies_batch_260714/side64.png,side,train,bunnies_batch_260714,ffe100087f7e1e1e,2026-07-15
data/bunnies_batch_260714/side65.png,side,train,bunnies_batch_260714,c0fcffff838080c0,2026-07-15
data/bunnies_batch_260714/side66.png,side,val,bunnies_batch_260714,070f1f5f0700403f,2026-07-15
data/bunnies_batch_260714/side67.png,side,train,bunnies_batch_260714,0001871f7f7f0363,2026-07-15
data/bunnies_batch_260714/side68.png,side,test,bunnies_batch_260714,031b1f0f1f0f0000,2026-07-15
data/bunnies_batch_260714/side69.png,side,train,bunnies_batch_260714,7f0ff3fcfce03000,2026-07-15
data/bunnies_batch_260714/side70.png,side,val,bunnies_batch_260714,c068ff1f3e10000e,2026-07-15
data/bunnies_batch_260714/side71.png,side,train,bunnies_batch_260714,fffd7f7e1c000000,2026-07-15
data/bunnies_batch_260714/side72.png,side,train,bunnies_batch_260714,e1c7c3c7c1c3e3f7,2026-07-15
data/bunnies_batch_260714/side73.png,side,val,bunnies_batch_260714,ffe1fdfd7c383818,2026-07-15
data/bunnies_batch_260714/side74.png,side,train,bunnies_batch_260714,030f1f3303034ff1,2026-07-15
data/bunnies_batch_260714/side75.png,side,train,bunnies_batch_260714,00010b3dfcf8fee6,2026-07-15
data/bunnies_batch_260714/side76.png,side,test,bunnies_batch_260714,0700030f0b3fbfff,2026-07-15
data/bunnies_batch_260714/side77.png,side,train,bunnies_batch_260714,ffc1f878f9c0c017,2026-07-15
data/bunnies_batch_260714/side78.png,side,train,bunnies_batch_260714,00043e7f3e303fff,2026-07-15
data/bunnies_batch_260714/side79.png,side,val,bunnies_batch_260714,ff1f1d0981c0e0ff,2026-07-15
data/bunnies_batch_260714/side80.png,side,val,bunnies_batch_260714,0080c0707c3fffff,2026-07-15
data/bunnies_batch_260714/sitting01.png,sitting,train,bunnies_batch_260714,500005cf2f1f0b03,2026-07-15
data/bunnies_batch_260714/sitting02.png,sitting,test,bunnies_batch_260714,e7c3c3c3e7e7c7ff,2026-07-15
data/bunnies_batch_260714/sitting03.png,sitting,train,bunnies_batch_260714,df8787c7e3f3e7ff,2026-07-15
data/bunnies_batch_260714/sitting04.png,sitting,train,bunnies_batch_260714,f74fef7d381c3030,2026-07-15
data/bunnies_batch_260714/sitting05.png,sitting,train,bunnies_batch_260714,7c3e3f3e3c080000,2026-07-15
data/bunnies_batch_260714/sitting06.png,sitting,val,bunnies_batch_260714,70103f6e0faf2c00,2026-07-15
data/bunnies_batch_260714/sitting07.png,sitting,train,bunnies_batch_260714,293038b8b0f07010,2026-07-15
data/bunnies_batch_260714/sitting08.png,sitting,train,bunnies_batch_260714,e10010206444feff,2026-07-15
data/bunnies_batch_260714/sitting09.png,sitting,test,bunnies_batch_260714,0410333f3c0c1b97,2026-07-15
data/bunnies_batch_260714/sitting10.png,sitting,val,bunnies_batch_260714,000838787c7cfc7c,2026-07-15
data/bunnies_batch_260714/sitting11.png,sitting,train,bunnies_batch_260714,9f870701010f0f8f,2026-07-15
data/bunnies_batch_260714/sitting12.png,sitting,train,bunnies_batch_260714,ff471fff7d010010,2026-07-15
data/bunnies_batch_260714/sitting13.png,sitting,val,bunnies_batch_260714,fff9181c0c000000,2026-07-15
data/bunnies_batch_260714/sitting14.png,sitting,train,bunnies_batch_260714,006466e7ffdfdf00,2026-07-15
data/bunnies_batch_260714/sitting15.png,sitting,train,bunnies_batch_260714,ffbf010101016148,2026-07-15
data/bunnies_batch_260714/sitting16.png,sitting,train,bunnies_batch_260714,0d0f9f8dade5e7ff,2026-07-15
data/bunnies_batch_260714/sitting17.png,sitting,train,bunnies_batch_260714,797c7e7e7c140c0c,2026-07-15
data/bunnies_batch_260714/sitting18.png,sitting,train,bunnies_batch_260714,0703038381c3feff,2026-07-15
data/bunnies_batch_260714/sitting19.png,sitting,train,bunnies_batch_260714,78060ec686c4fcf8,2026-07-15
data/bunnies_batch_260714/sitting20.png,sitting,train,bunnies_batch_260714,1f9fe32383c3e3fe,2026-07-15
data/bunnies_batch_260714/sitting21.png,sitting,test,bunnies_batch_260714,ff87c7c79f200000,2026-07-15
data/bunnies_batch_260714/sitting22.png,sitting,train,bunnies_batch_260714,0028387a333d0f1f,2026-07-15
data/bunnies_batch_260714/sitting23.png,sitting,test,bunnies_batch_260714,fe3e3effff180000,2026-07-15
data/bunnies_batch_260714/sitting24.png,sitting,train,bunnies_batch_260714,0260007c7cfcdcff,2026-07-15
data/bunnies_batch_260714/sitting25.png,sitting,train,bunnies_batch_260714,0000303efdffffef,2026-07-15
data/bunnies_batch_260714/sitting26.png,sitting,train,bunnies_batch_260714,f74fef6930183030,2026-07-15
data/bunnies_batch_260714/sitting27.png,sitting,train,bunnies_batch_260714,0381e9e1c18f9fff,2026-07-15
data/bunnies_batch_260714/sitting28.png,sitting,val,bunnies_batch_260714,ffff8f8fc7e6ccc0,2026-07-15
data/bunnies_batch_260714/standing01.png,standing,test,bunnies_batch_260714,6d180f8fc7e0e6e4,2026-07-15
data/bunnies_batch_260714/standing02.png,standing,test,bunnies_batch_260714,37e787e7c787cf53,2026-07-15
data/bunnies_batch_260714/standing03.png,standing,train,bunnies_batch_260714,000383c303f3fbff,2026-07-15
data/bunnies_batch_260714/standing04.png,standing,train,bunnies_batch_260714,001010fbff9547fe,2026-07-15
data/bunnies_batch_260714/standing05.png,standing,test,bunnies_batch_260714,f809f8f8d888b870,2026-07-15
data/bunnies_batch_260714/standing06.png,standing,val,bunnies_batch_260714,c3c3e7c7cf6f0f07,2026-07-15
data/bunnies_batch_260714/standing07.png,standing,train,bunnies_batch_260714,12723c3e3e3c1c00,2026-07-15
data/bunnies_batch_260714/standing08.png,standing,train,bunnies_batch_260714,c1e1c1c1c3e7c1f9,2026-07-15
data/bunnies_batch_260714/standing09.png,standing,val,bunnies_batch_260714,cf8f87c3c3e3e3f7,2026-07-15
data/bunnies_batch_260714/standing10.png,standing,train,bunnies_batch_260714,838783c7c7c707ff,2026-07-15
data/bunnies_batch_260714/standing11.png,standing,train,bunnies_batch_260714,001c1cbcfcfefefe,2026-07-15
data/bunnies_batch_260714/standing12.png,standing,train,bunnies_batch_260714,e1e1e1c3c3e7e1fd,2026-07-15
data/bunnies_batch_260714/standing13.png,standing,train,bunnies_batch_260714,e3c1d1ffcf87c3f9,2026-07-15
data/bunnies_batch_260714/standing14.png,standing,test,bunnies_batch_260714,082c2c3c7c9cff7f,2026-07-15
data/bunnies_batch_260714/standing15.png,standing,train,bunnies_batch_260714,838787c1e1e3c3ef,2026-07-15
data/bunnies_batch_260714/standing16.png,standing,train,bunnies_batch_260714,818181c3e1e1c39f,2026-07-15
data/bunnies_batch_260714/standing17.png,standing,train,bunnies_batch_260714,c1c0f1c1c1e3e3c9,2026-07-15
data/bunnies_batch_260714/standing18.png,standing,val,bunnies_batch_260714,838383c3c3c1c1e3,2026-07-15
data/bunnies_batch_260714/standing19.png,standing,train,bunnies_batch_260714,00030363e3f3efff,2026-07-15
data/bunnies_batch_260714/standing20.png,standing,test,bunnies_batch_260714,8181c3f3e3e3c7ff,2026-07-15
data/bunnies_batch_260714/standing21.png,standing,train,bunnies_batch_260714,dbc3c1c3c38081f7,2026-07-15
data/bunnies_batch_260714/standing22.png,standing,train,bunnies_batch_260714,10bfe7fffee71f28,2026-07-15
data/bunnies_batch_260714/standing23.png,standing,train,bunnies_batch_260714,83e3e1f1f1f9c9ff,2026-07-15
data/bunnies_batch_260714/standing24.png,standing,test,bunnies_batch_260714,c3c3c3c3c7e3e7cf,2026-07-15
data/bunnies_batch_260714/standing25.png,standing,train,bunnies_batch_260714,00677f7838383810,2026-07-15
data/bunnies_batch_260714/standing26.png,standing,val,bunnies_batch_260714,c3c3c3c1e3a701ff,2026-07-15
data/bunnies_batch_260714/standing27.png,standing,train,bunnies_batch_260714,e1e1f1f3c3c7c7f7,2026-07-15
data/bunnies_batch_260714/standing28.png,standing,test,bunnies_batch_260714,38f5f3fbb8190000,2026-07-15
data/bunnies_batch_260714/standing29.png,standing,train,bunnies_batch_260714,00002071f3f8f8ff,2026-07-15
data/bunnies_batch_260714/standing30.png,standing,train,bunnies_batch_260714,fff1e1c1c3c7c3f3,2026-07-15
data/bunnies_batch_260714/standing31.png,standing,train,bunnies_batch_260714,000437177fff7ffd,2026-07-15
data/bunnies_batch_260714/standing32.png,standing,train,bunnies_batch_260714,ffc001840007f7ff,2026-07-15
data/bunnies_batch_260714/standing33.png,standing,train,bunnies_batch_260714,c0f0f0f83830bd88,2026-07-15
data/bunnies_batch_260714/standing34.png,standing,train,bunnies_batch_260714,01001808e8ffffff,2026-07-15
data/bunnies_batch_260714/standing35.png,standing,test,bunnies_batch_260714,406078f9f3f7ffff,2026-07-15
data/bunnies_batch_260714/standing36.png,standing,train,bunnies_batch_260714,010f0fc3cb3313bf,2026-07-15
data/bunnies_batch_260714/standing37.png,standing,train,bunnies_batch_260714,371cdeccc6440c08,2026-07-15
data/bunnies_batch_260714/standing38.png,standing,train,bunnies_batch_260714,2c7c3c787c3c3800,2026-07-15
data/bunnies_batch_260714/standing39.png,standing,train,bunnies_batch_260714,ff9f8e87efe26070,2026-07-15
data/bunnies_batch_260714/standing40.png,standing,train,bunnies_batch_260714,00040c0c7e7f7fff,2026-07-15
data/bunnies_batch_260714/standing41.png,standing,val,bunnies_batch_260714,fdfdfffff8380000,2026-07-15
data/bunnies_batch_260714/standing42.png,standing,excluded,bunnies_batch_260714,37e787e78787cf53,2026-07-15
data/bunnies_batch_260714/standing43.png,standing,train,bunnies_batch_260714,05030bc080c3fbff,2026-07-15
data/bunnies_batch_260714/standing44.png,standing,train,bunnies_batch_260714,818181c1c3c0cbc0,2026-07-15
data/bunnies_batch_260714/standing45.png,standing,train,bunnies_batch_260714,00001000e2e7f7ef,2026-07-15
data/bunnies_batch_260714/standing46.png,standing,train,bunnies_batch_260714,f3e1e08183c7c3f3,2026-07-15
data/bunnies_batch_260714/standing47.png,standing,val,bunnies_batch_260714,0f0d0f3f3c5c0001,2026-07-15
data/bunnies_batch_260714/standing48.png,standing,train,bunnies_batch_260714,8f878787cfcf9fff,2026-07-15
data/bunnies_batch_260714/standing49.png,standing,train,bunnies_batch_260714,63670f0f06060f07,2026-07-15
data/bunnies_batch_260714/standing50.png,standing,train,bunnies_batch_260714,f7f7f8f834143f0f,2026-07-15
data/bunnies_batch_260714/standing51.png,standing,val,bunnies_batch_260714,267e3c3c7e1c002c,2026-07-15
data/bunnies_batch_260714/standing52.png,standing,val,bunnies_batch_260714,e1818383c3e3e3ff,2026-07-15
data/bunnies_batch_260714/standing53.png,standing,train,bunnies_batch_260714,8f83c3c3c3c7c7f7,2026-07-15
data/bunnies_batch_260714/standing54.png,standing,train,bunnies_batch_260714,00406074ec607eff,2026-07-15
data/bunnies_batch_260714/standing55.png,standing,val,bunnies_batch_260714,fffe1e0e0c0c0400,2026-07-15
data/bunnies_batch_260714/standing56.png,standing,test,bunnies_batch_260714,f20009ffcf8f9cf0,2026-07-15
data/bunnies_batch_260714/standing57.png,standing,val,bunnies_batch_260714,c0cd0303f0c0dfff,2026-07-15
data/bunnies_batch_260714/standing58.png,standing,train,bunnies_batch_260714,c18383838383c3ff,2026-07-15
data/bunnies_batch_260714/standing59.png,standing,train,bunnies_batch_260714,78f8f1f0efc0e074,2026-07-15
data/bunnies_batch_260714/standing60.png,standing,train,bunnies_batch_260714,0001090e070f7fff,2026-07-15
data/bunnies_batch_260714/standing61.png,standing,train,bunnies_batch_260714,81838000e6e3e7ff,2026-07-15
data/bunnies_batch_260714/standing62.png,standing,val,bunnies_batch_260714,80c070703c3d3b64,2026-07-15
data/bunnies_batch_260714/standing63.png,standing,train,bunnies_batch_260714,fb1f3f38783c3800,2026-07-15
data/bunnies_batch_260714/standing64.png,standing,train,bunnies_batch_260714,002030717b33637f,2026-07-15
data/bunnies_batch_260714/standing65.png,standing,train,bunnies_batch_260714,380cccd8fcfef808,2026-07-15
data/bunnies_batch_260714/standing66.png,standing,val,bunnies_batch_260714,0000e7879fffffff,2026-07-15
data/bunnies_batch_260714/standing67.png,standing,train,bunnies_batch_260714,00000020e3e3e7ff,2026-07-15
data/bunnies_batch_260714/standing68.png,standing,test,bunnies_batch_260714,ff0c0c0e0c0c0e0e,2026-07-15
data/bunnies_batch_260714/standing69.png,standing,train,bunnies_batch_260714,001e1e3c3c1c1c00,2026-07-15
data/bunnies_batch_260714/standing70.png,standing,train,bunnies_batch_260714,0080081cfffcffe7,2026-07-15
data/bunnies_batch_260714/standing71.png,standing,train,bunnies_batch_260714,f7f3e3e7c7c7e7ff,2026-07-15
data/bunnies_batch_260714/standing72.png,standing,test,bunnies_batch_260714,3000c0e2e3e3e3e2,2026-07-15
data/bunnies_batch_260714/standing73.png,standing,train,bunnies_batch_260714,8080f2f3fbfbf7df,2026-07-15
data/bunnies_batch_260714/standing74.png,standing,excluded,bunnies_batch_260714,f7f3e3e7c7c7e7ff,2026-07-15
data/bunnies_batch_260714/standing75.png,standing,train,bunnies_batch_260714,0b10101f18107f7f,2026-07-15
data/bunnies_batch_260714/standing76.png,standing,test,bunnies_batch_260714,0090b0a8a00c1e3f,2026-07-15
data/bunnies_batch_260714/standing77.png,standing,train,bunnies_batch_260714,64efe3870f2ec0a0,2026-07-15
data/bunnies_batch_260714/standing78.png,standing,train,bunnies_batch_260714,e0e1f1c10c0ca987,2026-07-15
data/bunnies_batch_260714/standing79.png,standing,train,bunnies_batch_260714,00000058dfdf7fff,2026-07-15
data/bunnies_batch_260714/standing80.png,standing,train,bunnies_batch_260714,ffc3c3c34322e3e8,2026-07-15
data/bunnies_batch_260714/standing81.png,standing,train,bunnies_batch_260714,f41c5c64e8c34f00,2026-07-15
data/bunnies_batch_260714/standing82.png,standing,train,bunnies_batch_260714,f9990b060e03f3ef,2026-07-15
data/bunnies_batch_260714/standing83.png,standing,train,bunnies_batch_260714,838383c3e3e1e1d7,2026-07-15
data/bunnies_batch_260714/standing84.png,standing,train,bunnies_batch_260714,c1f1c18387c7c3cf,2026-07-15
